E-mail,Password
jbutt@gmail.com,GF565W
josephine_darakjy@darakjy.org,OI515V
art@venere.org,BK580P
lpaprocki@hotmail.com,LB352Y
donette.foller@cox.net,CU805U
simona@morasca.com,AF719V
mitsue_tollner@yahoo.com,LM944S
leota@hotmail.com,HB663S
sage_wieser@cox.net,GJ563G
kris@gmail.com,LX352R
minna_amigon@yahoo.com,FF974L
amaclead@gmail.com,YA132Y
kiley.caldarera@aol.com,SA194T
gruta@cox.net,LP337T
calbares@gmail.com,JG153I
mattie@aol.com,ED517G
meaghan@hotmail.com,AT517Z
gladys.rim@rim.org,SM789V
yuki_whobrey@aol.com,MG558T
fletcher.flosi@yahoo.com,OJ717K
bette_nicka@cox.net,RP931K
vinouye@aol.com,VF862L
willard@hotmail.com,MK923N
mroyster@royster.com,GO576G
alisha@slusarski.com,FQ122K
allene_iturbide@cox.net,BP234W
chanel.caudy@caudy.org,DB331X
ezekiel@chui.com,VR198G
wkusko@yahoo.com,SI562L
bfigeroa@aol.com,PE318C
ammie@corrio.com,YH142D
francine_vocelka@vocelka.com,GO872V
ernie_stenseth@aol.com,LK459M
albina@glick.com,RD992T
asergi@gmail.com,DX410X
solange@shinko.com,DZ414Z
jose@yahoo.com,OV552H
rozella.ostrosky@ostrosky.com,WB874J
valentine_gillian@gmail.com,QM638K
kati.rulapaugh@hotmail.com,SC632V
youlanda@aol.com,YR755D
doldroyd@aol.com,PR642W
roxane@hotmail.com,JP424F
lperin@perin.org,IV473B
erick.ferencz@aol.com,EU720O
fsaylors@saylors.org,HI804T
jina_briddick@briddick.com,JR252U
kanisha_waycott@yahoo.com,XC200R
emerson.bowley@bowley.org,MA537M
bmalet@yahoo.com,UR749X
bbolognia@yahoo.com,TD637X
lnestle@hotmail.com,NG616A
sabra@uyetake.org,OO372X
mmastella@mastella.com,WP165G
karl_klonowski@yahoo.com,LX999Q
twenner@aol.com,JF217W
amber_monarrez@monarrez.org,QV992W
shenika@gmail.com,ZE917X
delmy.ahle@hotmail.com,OU281K
deeanna_juhas@gmail.com,RH323R
bpugh@aol.com,DB696F
jamal@vanausdal.org,JQ848T
cecily@hollack.org,VO265T
carmelina_lindall@lindall.com,RI713K
maurine_yglesias@yglesias.com,PE573T
tawna@gmail.com,JH187B
penney_weight@aol.com,FO686B
elly_morocco@gmail.com,YR136O
ilene.eroman@hotmail.com,TY985M
vmondella@mondella.com,ZL874N
kallie.blackwood@gmail.com,GT963B
johnetta_abdallah@aol.com,OG804C
brhym@rhym.com,TK724Q
micaela_rhymes@gmail.com,TZ167G
tamar@hotmail.com,DW264P
moon@yahoo.com,MZ107Q
laurel_reitler@reitler.com,KE917S
delisa.crupi@crupi.com,IJ905J
viva.toelkes@gmail.com,DZ106D
elza@yahoo.com,HW760N
devorah@hotmail.com,CO329C
timothy_mulqueen@mulqueen.org,AH639M
ahoneywell@honeywell.com,VW189X
dominque.dickerson@dickerson.org,GO626W
lettie_isenhower@yahoo.com,KG714T
mmunns@cox.net,RU954L
stephaine@barfield.com,NY680N
lai.gato@gato.org,RX885I
stephen_emigh@hotmail.com,YH749S
tshields@gmail.com,CO170K
twardrip@cox.net,VB566Q
cory.gibes@gmail.com,KA581L
danica_bruschke@gmail.com,RZ340G
wilda@cox.net,WO282K
elvera.benimadho@cox.net,AJ975F
carma@cox.net,MO444Z
malinda.hochard@yahoo.com,NS677Y
natalie.fern@hotmail.com,HG571M
lisha@centini.org,KF696W
