Email,Password
prosacco.lucile@hotmail.com,WU157V
isabelle.fritsch@dare.net,GV789Z
hodkiewicz.dell@hotmail.com,VZ187M
schmitt.braden@gmail.com,US790R
sandy46@balistreri.com,YJ979S
zboncak.ashlynn@yahoo.com,BI193H
harvey.genoveva@beier.com,CO237L
allie.hermann@gmail.com,SF459N
jennifer25@gmail.com,AG990A
schuppe.chelsea@gmail.com,BL483V
yhills@hotmail.com,TZ838H
chase.bradtke@yahoo.com,UC295R
akoss@spinka.com,KE863M
liliane.howe@yahoo.com,BC398F
hartmann.carmela@yahoo.com,WP751E
terrence04@little.net,HG302N
melany.lang@osinski.com,XE675B
xbauch@yahoo.com,NB420N
mckenna.koss@yahoo.com,AZ901N
arlie.osinski@hotmail.com,GB701J
ernie76@runolfsdottir.com,DC215M
yundt.verla@hotmail.com,EB391J
nikolaus.tina@yahoo.com,DZ523Y
olga45@stoltenberg.biz,OB158K
jaquan.bruen@gmail.com,YM884D
maudie.gutkowski@gmail.com,GD826Z
kuhlman.roderick@casper.com,KU528G
elisha44@abshire.com,JD117I
crist.cade@yahoo.com,QZ165J
owen58@hotmail.com,YC160Y
cheyenne30@halvorson.com,OY871I
genoveva.borer@reynolds.com,KD128E
johnson.autumn@simonis.com,SB985I
kgoyette@jenkins.net,IB995U
steve76@grant.com,ND336B
fredrick.ernser@yahoo.com,SK320T
nestor.koch@hackett.info,QL929P
hwaelchi@block.com,YG832G
mavis24@leannon.com,YN722B
mccullough.enid@kuhic.com,EJ176R
fwunsch@rodriguez.com,EA832E
emayer@pacocha.info,VS249B
mertz.sophie@mosciski.biz,AJ605M
xjakubowski@gmail.com,RT259R
anderson.kennedy@yahoo.com,KK319G
darrell96@yahoo.com,VU871I
mitchell.bret@abshire.com,LS997Z
block.allen@cassin.com,VE925B
hegmann.verona@dicki.biz,OG772C
